{
	"info": {
		"_postman_id": "deec2d17-1a51-4978-a425-9b4f1a691afa",
		"name": "Dio_Mentoria",
		"schema": "https://schema.getpostman.com/json/collection/v2.1.0/collection.json"
	},
	"item": [
		{
			"name": "Atualizar Cliente por ID",
			"request": {
				"method": "PUT",
				"header": [
					{
						"key": "Content-Type",
						"value": "application/json",
						"type": "text"
					}
				],
				"body": {
					"mode": "raw",
					"raw": "{\n  \"nome\": \"teste Atualizado\",\n  \"email\": \"joao.atualizado@email.com.br\"\n}"
				},
				"url": {
					"raw": "http://localhost:8080/v1/clientes/1",
					"protocol": "http",
					"host": [
						"localhost"
					],
					"port": "8080",
					"path": [
						"v1",
						"clientes",
						"1"
					]
				}
			},
			"response": []
		},
		{
			"name": "Consulta/clientes_All",
			"request": {
				"method": "GET",
				"header": [
					{
						"key": "accept",
						"value": "*/*"
					}
				],
				"url": {
					"raw": "http://localhost:8080/v1/clientesAll",
					"protocol": "http",
					"host": [
						"localhost"
					],
					"port": "8080",
					"path": [
						"v1",
						"clientesAll"
					]
				}
			},
			"response": []
		},
		{
			"name": "Consulta/clientesPorNome",
			"request": {
				"method": "GET",
				"header": [
					{
						"key": "accept",
						"value": "*/*"
					}
				],
				"url": {
					"raw": "http://localhost:8080/v1/clientes?nome=Cha",
					"protocol": "http",
					"host": [
						"localhost"
					],
					"port": "8080",
					"path": [
						"v1",
						"clientes"
					],
					"query": [
						{
							"key": "nome",
							"value": "Cha"
						}
					]
				}
			},
			"response": []
		},
		{
			"name": "Delete/Id",
			"request": {
				"method": "DELETE",
				"header": [
					{
						"key": "accept",
						"value": "*/*"
					}
				],
				"url": {
					"raw": "http://localhost:8080/v1/clientes/97",
					"protocol": "http",
					"host": [
						"localhost"
					],
					"port": "8080",
					"path": [
						"v1",
						"clientes",
						"97"
					]
				}
			},
			"response": []
		},
		{
			"name": "Cadastro/cliente",
			"request": {
				"method": "POST",
				"header": [
					{
						"key": "accept",
						"value": "*/*"
					},
					{
						"key": "Content-Type",
						"value": "application/json"
					}
				],
				"body": {
					"mode": "raw",
					"raw": "{\n  \"nome\": \"apresentacao3\",\n  \"email\": \"alexteste@teste.com\"\n}"
				},
				"url": {
					"raw": "http://localhost:8080/v1/clientes",
					"protocol": "http",
					"host": [
						"localhost"
					],
					"port": "8080",
					"path": [
						"v1",
						"clientes"
					]
				}
			},
			"response": []
		}
	]
}